function_name,number_of_files_found_in
_AP6c,3
_uu,3
_GT6,3
_K2Ej,3
then,35
fetch,35
get,37
includes,35
toLowerCase,35
addEventListener,30
encodeURIComponent,35
btoa,35
unescape,35
_S11,3
_Jo3,3
createElement,30
appendChild,30
match,35
replace,35
getHours,35
test,35
getTime,35
toGMTString,35
_lyEX,3
n,14
t,13
N,2
is_server,8
getCookie,8
getT,8
validateIPaddress,8
snd,8
setCookie,8
gt,9
require,9
on,5
setEncoding,2
eval,2
_Yt,3
_ROHn,3
_2Uta,3
_Fd,3
_lo,3
_6Jhk,3
_buh,3
_25i,1
_X4,1
_TD,1
_8F,1
_YUt,1
_ktV,1
_8p,1
o,13
e,11
call,12
defineProperty,12
d,12
H,2
removeChild,1
T,1
y,1
x,1
merge,1
constructor,1
each,1
pushStack,1
map,1
apply,1
eq,1
isPlainObject,1
isArray,1
extend,1
random,1
s,1
w,1
E,1
Object,1
push,1
split,1
ae,1
fromCharCode,1
slice,1
toString,1
charCodeAt,1
p,1
ye,1
exec,1
getElementById,1
getElementsByTagName,1
getElementsByClassName,1
getAttribute,1
setAttribute,1
a,1
me,1
join,1
ge,1
querySelectorAll,1
removeAttribute,1
u,1
shift,1
oe,1
se,1
i,1
attachEvent,1
ue,1
createComment,1
getElementsByName,1
getAttributeNode,1
contains,1
compareDocumentPosition,1
O,1
ce,1
unshift,1
ie,1
sort,1
splice,1
error,1
indexOf,1
k,1
attr,1
pop,1
hasOwnProperty,1
r,2
hasFocus,1
de,1
empty,1
he,1
fe,1
pe,1
we,1
be,1
c,4
f,1
xe,1
concat,1
Te,1
S,1
TAG,1
v,1
uniqueSort,1
ID,1
le,1
is,1
C,1
grep,1
filter,1
matchesSelector,1
matches,1
find,1
q,1
parseHTML,1
ready,1
makeArray,1
index,1
prevAll,1
first,1
add,1
D,1
M,1
A,1
reverse,1
fail,1
done,1
has,1
inArray,1
fireWith,1
Callbacks,1
promise,1
Deferred,1
undefined,1
progress,1
l,1
exceptionHook,1
rejectWith,1
getStackHook,1
setTimeout,3
Array,1
resolveWith,1
B,1
state,1
warn,1
removeEventListener,1
catch,1
readyException,1
z,1
toUpperCase,1
Q,1
cache,1
Y,1
set,1
isEmptyObject,1
parse,1
hasData,1
access,1
remove,1
ne,1
queue,1
_queueHooks,1
dequeue,1
fire,1
css,1
cur,1
style,1
show,1
hide,1
createDocumentFragment,1
htmlPrefilter,1
createTextNode,1
ve,1
cloneNode,1
je,1
off,1
removeEvent,1
fix,1
isPropagationStopped,1
isImmediatePropagationStopped,1
preventDefault,1
stopPropagation,1
Ne,1
focus,1
blur,1
click,1
now,1
stopImmediatePropagation,1
children,1
html,1
Ie,1
clone,1
_evalUrl,1
cleanData,1
isXMLDoc,1
Me,1
We,1
text,1
Oe,1
insertBefore,1
append,1
replaceChild,1
getComputedStyle,1
Be,1
getPropertyValue,1
pixelBoxStyles,1
round,1
parseFloat,1
max,1
ceil,1
_e,1
boxSizingReliable,1
Ze,1
Je,1
setProperty,1
isFinite,1
getClientRects,1
getBoundingClientRect,1
et,1
scrollboxSize,1
Ke,1
Ue,1
cos,1
requestAnimationFrame,1
tick,1
always,1
st,1
run,1
notifyWith,1
Tween,1
expand,1
bind,1
timer,1
createTween,1
lt,1
animate,1
end,1
speed,1
ct,1
stop,1
ut,1
start,1
at,1
clearTimeout,1
removeAttr,1
prop,1
parseInt,1
addClass,1
vt,1
mt,1
removeClass,1
toggleClass,1
hasClass,1
val,1
isDefaultPrevented,1
trigger,1
simulate,1
parseFromString,1
Nt,1
param,1
serializeArray,1
Bt,1
Wt,1
ajaxSetup,1
abort,1
$t,1
setRequestHeader,1
send,1
getResponseHeader,1
dataFilter,1
statusCode,1
ajax,1
wrapInner,1
contents,1
wrapAll,1
not,1
parent,1
replaceWith,1
visible,1
xhr,1
ajaxTransport,1
open,1
overrideMimeType,1
getAllResponseHeaders,1
ajaxPrefilter,1
globalEval,1
jsonpCallback,1
removeProp,1
createHTMLDocument,1
offset,1
position,1
setOffset,1
scrollTo,1
mouseleave,1
mouseenter,1
type,1
isNaN,1
submit,6
connect,2
spawn,2
write,2
pipe,2
_8OB,1
_FpVe,1
_KTm,1
_14,1
_tbX,1
_HU,1
_Xe,1
G,1
K,1
$,5
_rYp,2
_xmh,2
_bE,2
_gJ,2
_3Krg,2
_oP,2
_fzbz,2
_8Lb,1
_Ig4c,1
_yvC,1
_jg,1
_4r,1
_2nm,1
_O5zx,1
_I7,1
_jf,1
_VCG,1
_85pR,1
_dJup,1
_b6,1
_XCo,1
_,1
F,1
J,1
